{
    "model_name": "cointegrated/rubert-tiny2",
    "best_hyperparams": {
        "learning_rate": 2.435689420673733e-05,
        "batch_size": 4,
        "num_epochs": 6,
        "weight_decay": 0.024634020687999414
    },
    "thresholds": {
        "Спорт": 0.34687307476997375,
        "Личная жизнь": 0.26416850090026855,
        "Юмор": 0.5380731225013733,
        "Соцсети": 0.19208428263664246,
        "Политика": 0.5531130433082581,
        "Реклама": 0.5747528672218323,
        "Нет категории": 0.2685575783252716
    }
}