{
    "learning_rate": 2.465937747266832e-05,
    "batch_size": 16,
    "num_epochs": 6,
    "weight_decay": 0.008412661248092061,
    "best_val_microF1": 0.7612594659226783
}