{
    "learning_rate": 1.164738578432599e-05,
    "batch_size": 16,
    "num_epochs": 5,
    "weight_decay": 0.029633200073576883,
    "best_val_microF1": 0.7406800491601803
}