{
    "model_name": "ai-forever/ruRoberta-large",
    "best_hyperparams": {
        "learning_rate": 2.465937747266832e-05,
        "batch_size": 16,
        "num_epochs": 6,
        "weight_decay": 0.008412661248092061
    },
    "thresholds": {
        "Спорт": 0.29849135875701904,
        "Личная жизнь": 0.49510589241981506,
        "Юмор": 0.5354324579238892,
        "Соцсети": 0.5339139103889465,
        "Политика": 0.6645402908325195,
        "Реклама": 0.7509182095527649,
        "Нет категории": 0.10484336316585541
    }
}