{
    "model_name": "ai-forever/ruRoberta-large",
    "best_hyperparams": {
        "learning_rate": 1.164738578432599e-05,
        "batch_size": 16,
        "num_epochs": 5,
        "weight_decay": 0.029633200073576883
    },
    "thresholds": {
        "Спорт": 0.125600665807724,
        "Личная жизнь": 0.3854903280735016,
        "Юмор": 0.7199746966362,
        "Соцсети": 0.3986990451812744,
        "Политика": 0.4898619055747986,
        "Реклама": 0.6730842590332031,
        "Нет категории": 0.17300857603549957
    }
}